6d7587cc-10b4-360f-8aef-1542b35305d8,"2019-07-07 08:46:46",5c04b361-d06b-343e-9ac6-89b9ff389132,"Crebsk?rv T?enne",1,17.12,Carlos,Sommer,"Krollgasse 0a","Weil am Rhein",25270,ikruse@reimer.com
507f8f44-c925-35a6-8e2f-45b46884b15e,"2019-07-07 05:22:53",f661b6cc-d776-3e1e-95bc-e9061cc4a4a4,"Tehpk N.faebracrod L  .erro.r",1,-25.58,Willy,Bachmann,"Grafweg 39",Kehl,94954,friedrich67@seidl.com
c0392797-5f34-30e0-8197-d4a65b98afbb,"2019-07-06 21:47:43",7d5851ab-6feb-3889-89f0-c52699918908,"Ao.a H.smtetbserhcs",1,25.21,Claus,Pohl,"Ingelore-Greiner-Ring 61a",Solingen,13495,pieper.robin@thomas.com
0e3fc934-7c78-3a93-b13b-367fd8fa6a1f,"2019-07-07 01:42:49",42ef0146-f085-38d2-95e7-9b57bb646331,"Izgel Afru",1,29.52,Käthe,Moser,"Metzallee 6b",Bitterfeld-Wolfen,31905,buttner.rupert@gmail.com
6829ada7-8a2a-39e9-8c10-f19bc44c2e08,"2019-07-06 09:03:01",8e1c7f01-6756-3e50-926b-f02996687b77,"Elijhcasaan Qeue",1,19.89,Madeleine,May,"Lemkeallee 12a",Schwelm,02908,heike46@bartels.com
9fed60c9-4949-34a9-90f7-b5f2efead90a,"2019-07-07 23:33:15",c264208f-cf9b-3ccb-b779-801975e6db36,"Aeihmsehrien Hhr-Entlcnt",1,25.21,Gertrud,Beer,"Kurt-Behrens-Straße 12a","Wangen im Allgäu",35648,lukas81@web.de
4a74043b-1806-3ebd-96ea-7d34eec28674,"2019-07-06 21:25:09",a69dfba8-977f-38c8-b567-67a462dd7fa1,"Cdtl? Ernyh?as",1,20.11,Daniela,Zander,"Wildweg 99",Blieskastel,62015,kromer@gunther.de
8586e819-7862-3397-beca-32e464bdfb33,"2019-07-07 18:32:16",c2da060b-db5b-3ad3-ab00-fc6850c09b45,"Dn? Srn Agnhbreaj?",1,8.9,Willy,Bachmann,"Grafweg 39",Kehl,94954,friedrich67@seidl.com
437d6c16-77fa-31c1-82c9-e67c386ec17c,"2019-07-07 19:13:48",3c88ba6b-d0d1-3cf6-8baa-0f381236b1bb,"Enutbaends-Rure Ahie",1,17.4,Gertrud,Beer,"Kurt-Behrens-Straße 12a","Wangen im Allgäu",35648,lukas81@web.de
c5d9a971-6be4-3d27-bece-a4d6efb56ed3,"2019-07-07 00:15:04",790418d1-4db9-381f-bd1b-7f72b098bd9f,"Eisewnt Re.escb .ebkp",1,30.27,Christian,Weise,"Natalie-Bayer-Ring 5/8",Einbeck,85632,franke.helfried@live.de
e98f86b7-163f-3a5f-a309-a8bfb81c328c,"2019-07-06 09:13:40",7870134c-3358-3573-b9c6-26bdedfcbdff,"Aurabdanr In",1,13.74,Bodo,Kunz,"Till-Bruns-Platz 0a","Hofheim am Taunus",43580,fwendt@t-online.de
e2112991-f194-37a3-aa04-4690802f89a0,"2019-07-06 23:10:22",1dca3099-714c-30c3-93e3-1993f769adad,"Iaolsli Ghttvckas",1,28.68,Berndt,Kroll,"Klaus Dieter-Kruse-Weg 35a",Königswinter,21434,fsteffen@gmail.com
c5984f88-c165-36b6-b79a-fd863c50b0a6,"2019-07-07 19:54:13",ab8fa89b-04a6-35c6-bf8b-0f1f93cca956,"D Dnariaajno",1,6.65,Willy,Bachmann,"Grafweg 39",Kehl,94954,friedrich67@seidl.com
ed11700d-3800-3869-b8f8-874a76be5607,"2019-07-07 04:21:29",e0f25fd0-f3e3-36d5-9a57-48fbd1794055,"Abnyhrec Herlirai-K",1,29.1,Gertrud,Beer,"Kurt-Behrens-Straße 12a","Wangen im Allgäu",35648,lukas81@web.de
eb174deb-72ba-3d0b-9efc-8bbcef60368c,"2019-07-07 21:51:01",d75c59b9-daa2-3a93-8330-18ada80618ea,"Prfpw Lau",1,6.22,Daniela,Zander,"Wildweg 99",Blieskastel,62015,kromer@gunther.de
bea3e942-9844-3e7f-a896-3d0cd6f9861e,"2019-07-07 16:57:43",253bf8b9-1462-352b-aeef-0c6a1817cd2d,".angb. Ol Esnyzbe",1,17.45,Christian,Weise,"Natalie-Bayer-Ring 5/8",Einbeck,85632,franke.helfried@live.de
cf059957-9a54-3016-841d-2f435b3812f5,"2019-07-07 10:41:45",59350e06-6298-3549-91e7-ebc9974fb186,"Seuadajnra Anrd F",1,8.34,Gertrud,Beer,"Kurt-Behrens-Straße 12a","Wangen im Allgäu",35648,lukas81@web.de
63124340-7bd8-3893-b79e-638e5a71959e,"2019-07-07 04:47:28",3a993d99-4b14-3cde-9d5a-6691a2326ae1,"Rnuosib Char",1,17.31,Bodo,Kunz,"Till-Bruns-Platz 0a","Hofheim am Taunus",43580,fwendt@t-online.de
4a1d3453-944a-3c87-b7a5-11cc6989e8a6,"2019-07-07 15:39:19",45239d30-3853-3c7e-8c15-38a793af74ac,"Akcnu Iorsaerl",1,12.64,Carlos,Sommer,"Krollgasse 0a","Weil am Rhein",25270,ikruse@reimer.com
7bfbedfc-83cf-3c0e-bbe7-f8db471c8d16,"2019-07-07 14:17:14",92987ba5-9f0b-3fad-8e30-6a63ec3cd148,"Lkviiaoirte K",1,26.84,Willy,Bachmann,"Grafweg 39",Kehl,94954,friedrich67@seidl.com
